[
 {
  "name": "Work0",
  "glyph": "record",
  "filename": "Go_To_zero.g",
  "target": "ESP",
  "class": "btn btn-danger",
  "index": 0
 },
 {
  "name": "0 Z20",
  "glyph": "star",
  "filename": "Go_To_0_Z20.g",
  "target": "ESP",
  "class": "btn btn-warning",
  "index": 1
 },
 {
  "name": "Laser ON",
  "glyph": "certificate",
  "filename": "LaserON.g",
  "target": "ESP",
  "class": "btn btn-info",
  "index": 2
 },
 {
  "name": "LaserOFF",
  "glyph": "remove-circle",
  "filename": "LaserOFF.g",
  "target": "ESP",
  "class": "btn btn-primary",
  "index": 3
 },
 {
  "name": "ServoUP",
  "glyph": "upload",
  "filename": "Servo_UP.g",
  "target": "ESP",
  "class": "btn-default",
  "index": 4
 },
 {
  "name": "M6",
  "glyph": "download",
  "filename": "Servo_DOWN.g",
  "target": "ESP",
  "class": "btn-default",
  "index": 5
 },
 {
  "name": "",
  "glyph": "",
  "filename": "",
  "target": "",
  "class": "",
  "index": 6
 },
 {
  "name": "",
  "glyph": "",
  "filename": "",
  "target": "",
  "class": "",
  "index": 7
 },
 {
  "name": "",
  "glyph": "",
  "filename": "",
  "target": "",
  "class": "",
  "index": 8
 }
]